id,umap_x,umap_y,concept,count,in_graph,graph_degree_2025,tile_x,tile_y
57561,-0.75868773,9.147021,postoperative complications,13167,True,17945,-1,3
39178,-4.7186675,8.618743,length of stay,6267,True,9459,-2,2
8700,1.1813443,12.674403,body mass index,5195,True,8850,0,4
14399,3.3652537,7.576075,colorectal cancer,5321,True,8412,1,2
6866,0.08581731,5.764031,bariatric surgery,6600,True,8396,0,1
19611,2.715433,1.9916253,disease-free survival,6996,True,8184,0,0
72884,-0.34589243,8.42358,surgical site infection,4459,True,6985,-1,2
9624,0.5267056,16.332209,c-reactive protein,3664,True,6720,0,5
72782,1.8996452,6.3748746,surgical resection,3492,True,6313,0,2
62330,-4.4176927,11.697647,quality of life,3067,True,6228,-2,3
16187,-4.202648,5.012546,coronary artery bypass grafting,3862,True,5968,-2,1
60980,3.0442708,-1.127509,propensity score matching,2545,True,5423,1,-1
1500,1.061167,10.647367,acute kidney injury,2743,True,4771,0,3
66369,-1.3090929,-0.79389304,roux-en-y gastric bypass,3374,True,4741,-1,-1
15313,4.2694306,15.943348,computed tomography,1677,True,4248,1,5
47475,-2.7822926,14.975686,neoadjuvant chemotherapy,2352,True,4087,-1,4
81606,4.305331,4.6162176,weight loss,1934,True,3412,1,1
13023,7.815299,5.0504746,clavien-dindo classification,1370,True,3245,2,1
46452,-5.404963,14.257966,multivariate analysis,948,True,2880,-2,4
48104,-0.005939,16.060247,neutrophil-to-lymphocyte ratio,1269,True,2721,-1,5
18083,-1.5232399,5.09363,deep vein thrombosis,1196,True,2505,-1,1
5269,5.2430153,9.861744,aortic valve replacement,1205,True,2396,1,3
355,-6.041716,4.4225664,30-day readmission,927,True,2304,-3,1
1554,-0.78692013,0.14947996,acute myocardial infarction,1134,True,2293,-1,0
17648,6.4491644,19.676476,cytoreductive surgery,1498,True,2257,2,6
23148,6.325493,11.970948,enhanced recovery after surgery,1035,True,2161,2,3
30882,-6.870838,8.006072,high-risk patients,552,True,1798,-3,2
43485,3.5006123,13.751301,mesenchymal stem cells,854,True,1779,1,4
10203,9.556818,7.2296295,carcinoembryonic antigen,844,True,1748,3,2
16563,-7.721989,11.592502,covid-19 pandemic,535,True,1501,-3,3
30928,-9.424336,9.797082,high-sensitivity c-reactive protein,422,True,1182,-4,3
37520,-4.4624267,17.623762,kaplan-meier analysis,280,True,1026,-2,5
81982,7.532886,7.1484756,wound dehiscence,361,True,977,2,2
23494,-9.979439,7.52079,epithelial-mesenchymal transition,476,True,916,-4,2
48205,-8.054224,13.088608,next-generation sequencing,284,True,812,-3,4
62380,-3.939231,-1.7485147,quality-adjusted life years,248,True,749,-2,-1
12885,-4.2310133,2.1532285,circumferential resection margin,329,True,737,-2,0
48156,7.7803664,15.7719755,new york heart association class,201,True,667,2,5
35837,-6.5499625,15.816792,intra-aortic balloon pump,179,True,537,-3,5
10837,2.9033222,-0.94702446,case-control study,123,True,460,0,-1
60801,11.900701,11.273163,programmed death-ligand 1,124,True,382,3,3
17691,0.59235936,19.610731,d-dimer levels,84,True,332,0,6
75336,7.0665154,14.260988,thrombolysis in cerebral infarction,134,True,316,2,4
38630,3.8280303,2.4912255,late lumen loss,123,True,266,1,0
25989,-9.264867,4.966656,fluorescence in situ hybridization,69,True,195,-4,1
30937,3.6197305,18.51382,high-sensitivity troponin t,42,True,171,1,6
81422,-1.4576653,21.708223,vte chemoprophylaxis,19,True,78,-1,7
