Work,Gt,llama,keybert,rake,scispacy
W2005749200,chitosan,,chitosan,chitosan,Chitosan
W2005749200,chitosan scaffold,chitosan scaffold,chitosan scaffold,chitosan scaffolds,
W2005749200,chitosan scaffold matrix,chitosan scaffold matrix,,,
W2005749200,scaffold matrix,scaffold matrix,,scaffold matrix,scaffold matrix
W2005749200,tissue engineering,tissue engineering,,tissue engineering,tissue engineering
W2005749200,chitosan based matrix,,chitosan matrix,chitosan based matrixes,
W2005749200,tissue fabrication,,,,
W2005749200,organ fabrication,,,,
W2005749200,cell,,,,cells
W2005749200,cell scaffold,,,,
W2005749200,therapeutic approach,,,therapeutic approach,therapeutic approach
W2005749200,biomaterials,,,biomaterials,biomaterials
W2005749200,biomaterial integration,,,,
W2005749200,future medicine,,,future medicine,
W2005749200,interface formation,,,,
W2005749200,renewable interface,,,renewable interface,
W2005749200,prosthetic implants,prosthetic implant,,prosthetic implants,prosthetic implants
W2005749200,regenerated medicine,regenerated medicine,,regenerated medicine,
W2005749200,cell based tissue engineering,cell based tissue engineering,,,
W2005749200,natural cationic chitosan,,,,
W2005749200,cationic chitosan,natural cationic chitosan,cationic chitosan,natural cationic chitosan,natural cationic chitosan
W2005749200,linear polysaccharide,,,linear polysaccharide,linear polysaccharide
W2005749200,crustacean sources,crustacean source,,crustacean sources,
W2005749200,tissue engineering applications,,,,
W2005749200,bone tissue engineering,bone tissue engineering,,,
W2005749200,cartilage tissue engineering,cartilage tissue engineering,,,
W2005749200,structure property relationship,structure property relationship,,structureproperty relationship,
W2005749200,-,engineering biological science,versatility chitosan,interdisciplinary field involving principles,TE
W2005749200,-,matrix for tissue engineering,chitosan bone,recent studies suggest,interdisciplinary field
W2005749200,-,tissue regeneration,suggest chitosan,organs using cells,engineering
W2005749200,-,,chitosan based,long term basis,biological
W2005749200,-,,chitosan linear,fabricate new tissue,tissue
W2005749200,-,,,cell based te,organs
W2005749200,-,,,tissue engineering te,scaffolds
W2005749200,-,,,te applications,current
W2005749200,-,,,cartilage te,medicine
W2005749200,-,,,significant consideration,years
W2005749200,-,,,integrated forming,increased
W2005749200,-,,,increased emphasis,usage
W2005749200,-,,,important role,regenerated
W2005749200,-,,,coming years,medicine
W2005749200,-,,,biological sciences,cell
W2005749200,-,,,authors describe,TE
W2005749200,-,,,te,long term
W2005749200,-,,,engineering,matrix
W2005749200,-,,,scaffolds,TE
W2005749200,-,,,matrix,Chitosan
W2005749200,-,,,versatility,crustacean
W2005749200,-,,,usage,sources
W2005749200,-,,,uniqueness,studies
W2005749200,-,,,terms,chitosan
W2005749200,-,,,regard,matrixes
W2005749200,-,,,promising,TE
W2005749200,-,,,produced,applications
W2005749200,-,,,play,authors
W2005749200,-,,,given,uniqueness
W2005749200,-,,,expected,versatility
W2005749200,-,,,current,chitosan
W2005749200,-,,,bone,bone
W2005749200,-,,,,cartilage
W2005749200,-,,,,TE
W2005749200,-,,,,relationship
W2005749200,-,,,,chitosan
W2005749200,-,,,,scaffolds